<?xml version='1.0' encoding='UTF-8'?>
<!DOCTYPE hibernate-mapping PUBLIC
          "-//Hibernate/Hibernate Mapping DTD 3.0//EN"
          "http://hibernate.sourceforge.net/hibernate-mapping-3.0.dtd">

<hibernate-mapping>
	<class name="com.lnt.hibernate.otm_xml.Question"
	 table="q501">
		<id name="id">
		<generator class="increment"></generator>
		</id>
		<property name="qname"></property>
		
		<list name="answers" cascade="all">
		 <key column="qid"></key>
		 <index column="type"></index><!-- index column for collection -->
		 <one-to-many class="com.lnt.hibernate.otm_xml.Answer"/>
		</list>
		
	</class>
		
	<class name="com.lnt.hibernate.otm_xml.Answer" table="ans501">
		<id name="id">
		<generator class="increment"></generator>
		</id>
		<property name="answername"></property>
		<property name="postedBy"></property>
	</class>

</hibernate-mapping>