<?xml version='1.0' encoding='utf-8'?>
<!DOCTYPE hibernate-configuration PUBLIC
        "-//Hibernate/Hibernate Configuration DTD 3.0//EN"
        "http://hibernate.sourceforge.net/hibernate-configuration-3.0.dtd">
 <hibernate-configuration>
    <session-factory>
        <!-- Database connection settings -->
        <property name="connection.driver_class">oracle.jdbc.driver.OracleDriver</property>
        <property name="connection.url">jdbc:oracle:thin:@localhost:1521:orahome</property>
        <property name="connection.username">system</property>
        <property name="connection.password">system</property>        
        <!-- JDBC connection pool (use the built-in) -->
        <property name="connection.pool_size">1</property>
        <!-- SQL dialect -->
        <property name="dialect">org.hibernate.dialect.Oracle10gDialect</property>
        <!-- Enable Hibernate's automatic session context management -->
        <property name="current_session_context_class">thread</property>
        <!-- Disable the second-level cache  -->
        <property name="cache.provider_class">
        org.hibernate.cache.NoCacheProvider</property>        
        <!-- Echo all executed SQL to stdout -->
        <property name="show_sql">true</property>        
        <property name="hbm2ddl.auto">update</property> 
        <!--Automatically create update validate -->
        <!-- Annotation mapping -->
 <!--        <mapping class="com.lnt.hibernate.otm_annotation.Question"/>
        <mapping class="com.lnt.hibernate.otm_annotation.Answer"/>  -->
 
          <!-- xml mapping -->       	
         <mapping resource="question.hbm.xml"/> 
	 
    </session-factory>
</hibernate-configuration>
