<?xml version='1.0' encoding='UTF-8'?>  
<!DOCTYPE hibernate-mapping PUBLIC   "-//Hibernate/Hibernate Mapping DTD 3.0//EN"   "http://hibernate.sourceforge.net/hibernate-mapping-3.0.dtd">
<hibernate-mapping>
	<!-- mapping class with table  And properties with the column-->
	<class name="com.lnt.day18_hibernate.employee.client.Employee"
		table="lnt_employee">
		<!-- primary key is mapped by id tag -->
		<id name="empId" column="emp_Id">
			<generator class="assigned"></generator><!-- assigned means programmer will be  assigning the primary key value not the db/hibernate-->
		</id>
		<!-- mapping property -->
		<property name="empName" column="emp_Name"></property>
		<property name="empSal"  column="emp_Sal"></property>

		<!-- if column name is not mentioned then the nameof the property will be treated as the name of the column -->
	</class>
</hibernate-mapping>
<!-- employee.hbm.xml -->
